1.7507043,0,0,1.2732395,0,1,1.4727862,0.9465022,0
1.4727862,0.9465022,0,1.2732395,0,1,0.72726876,1.5924966,0
1.2732395,0,1,0.90031624,0.90031624,1,0.72726876,1.5924966,0
0.72726876,1.5924966,0,0.90031624,0.90031624,1,-0.24915141,1.7328846,0
0.90031624,0.90031624,1,-0.000000055655065,1.2732395,1,-0.24915141,1.7328846,0
-0.000000055655065,1.2732395,1,-0.90031624,0.90031624,1,-0.24915141,1.7328846,0
-0.90031624,0.90031624,1,-1.2732395,-0.00000011131013,1,-0.24915141,1.7328846,0
-0.24915141,1.7328846,0,-1.2732395,-0.00000011131013,1,-1.1464677,1.3230938,0
-1.1464677,1.3230938,0,-1.2732395,-0.00000011131013,1,-1.6797886,0.49323007,0
-1.6797886,0.49323007,0,-1.2732395,-0.00000011131013,1,-1.6797884,-0.49323076,0
-1.6797884,-0.49323076,0,-1.2732395,-0.00000011131013,1,-1.1464672,-1.3230944,0
-1.1464672,-1.3230944,0,-1.2732395,-0.00000011131013,1,-0.24915068,-1.7328848,0
-0.24915068,-1.7328848,0,-1.2732395,-0.00000011131013,1,0.727269,-1.5924966,0
0.727269,-1.5924966,0,-1.2732395,-0.00000011131013,1,1.4727865,-0.9465016,0
1.4727865,-0.9465016,0,-1.2732395,-0.00000011131013,1,1.7507043,0,0
-1.2732395,-0.00000011131013,1,-0.9003161,-0.9003164,1,1.7507043,0,0
-0.9003161,-0.9003164,1,0.000000015183229,-1.2732395,1,1.7507043,0,0
0.000000015183229,-1.2732395,1,0.9003166,-0.90031594,1,1.7507043,0,0
0.9003166,-0.90031594,1,1.2732395,0,1,1.7507043,0,0
1.2732395,0,1,2.7056339,0,2,0.90031624,0.90031624,1
2.7056339,0,2,2.5229285,0.9773877,2,0.90031624,0.90031624,1
2.5229285,0.9773877,2,1.9994875,1.8227737,2,0.90031624,0.90031624,1
1.9994875,1.8227737,2,1.2060047,2.4219842,2,0.90031624,0.90031624,1
0.90031624,0.90031624,1,1.2060047,2.4219842,2,-0.000000055655065,1.2732395,1
-0.000000055655065,1.2732395,1,1.2060047,2.4219842,2,-0.90031624,0.90031624,1
-0.90031624,0.90031624,1,1.2060047,2.4219842,2,-1.2732395,-0.00000011131013,1
1.2060047,2.4219842,2,0.24964443,2.694092,2,-1.2732395,-0.00000011131013,1
0.24964443,2.694092,2,-0.7404318,2.602348,2,-1.2732395,-0.00000011131013,1
-0.7404318,2.602348,2,-1.6305088,2.1591425,2,-1.2732395,-0.00000011131013,1
-1.6305088,2.1591425,2,-2.3003764,1.4243326,2,-1.2732395,-0.00000011131013,1
-2.3003764,1.4243326,2,-2.6595652,0.49715894,2,-1.2732395,-0.00000011131013,1
-2.6595652,0.49715894,2,-2.6595652,-0.4971588,2,-1.2732395,-0.00000011131013,1
-1.2732395,-0.00000011131013,1,-2.6595652,-0.4971588,2,-0.9003161,-0.9003164,1
-0.9003161,-0.9003164,1,-2.6595652,-0.4971588,2,0.000000015183229,-1.2732395,1
-2.6595652,-0.4971588,2,-2.3003764,-1.4243325,2,0.000000015183229,-1.2732395,1
-2.3003764,-1.4243325,2,-1.6305089,-2.1591423,2,0.000000015183229,-1.2732395,1
0.000000015183229,-1.2732395,1,-1.6305089,-2.1591423,2,0.9003166,-0.90031594,1
-1.6305089,-2.1591423,2,-0.7404316,-2.602348,2,0.9003166,-0.90031594,1
0.9003166,-0.90031594,1,-0.7404316,-2.602348,2,1.2732395,0,1
-0.7404316,-2.602348,2,0.24964392,-2.6940923,2,1.2732395,0,1
0.24964392,-2.6940923,2,1.2060049,-2.4219842,2,1.2732395,0,1
1.2060049,-2.4219842,2,1.9994872,-1.8227742,2,1.2732395,0,1
1.9994872,-1.8227742,2,2.5229285,-0.9773878,2,1.2732395,0,1
2.5229285,-0.9773878,2,2.7056339,0,2,1.2732395,0,1
2.7056339,0,2,2.2281692,0,3,2.5229285,0.9773877,2
2.2281692,0,3,2.0075111,0.9667664,3,2.5229285,0.9773877,2
2.0075111,0.9667664,3,1.3892407,1.7420529,3,2.5229285,0.9773877,2
1.3892407,1.7420529,3,0.4958141,2.1723044,3,2.5229285,0.9773877,2
2.5229285,0.9773877,2,0.4958141,2.1723044,3,1.9994875,1.8227737,2
0.4958141,2.1723044,3,-0.49581432,2.1723044,3,1.9994875,1.8227737,2
1.9994875,1.8227737,2,-0.49581432,2.1723044,3,1.2060047,2.4219842,2
-0.49581432,2.1723044,3,-1.3892407,1.7420529,3,1.2060047,2.4219842,2
1.2060047,2.4219842,2,-1.3892407,1.7420529,3,0.24964443,2.694092,2
-1.3892407,1.7420529,3,-2.0075111,0.9667661,3,0.24964443,2.694092,2
0.24964443,2.694092,2,-2.0075111,0.9667661,3,-0.7404318,2.602348,2
-2.0075111,0.9667661,3,-2.2281692,-0.00000019479273,3,-0.7404318,2.602348,2
-0.7404318,2.602348,2,-2.2281692,-0.00000019479273,3,-1.6305088,2.1591425,2
-1.6305088,2.1591425,2,-2.2281692,-0.00000019479273,3,-2.3003764,1.4243326,2
-2.2281692,-0.00000019479273,3,-2.0075111,-0.9667664,3,-2.3003764,1.4243326,2
-2.3003764,1.4243326,2,-2.0075111,-0.9667664,3,-2.6595652,0.49715894,2
-2.6595652,0.49715894,2,-2.0075111,-0.9667664,3,-2.6595652,-0.4971588,2
-2.6595652,-0.4971588,2,-2.0075111,-0.9667664,3,-2.3003764,-1.4243325,2
-2.3003764,-1.4243325,2,-2.0075111,-0.9667664,3,-1.6305089,-2.1591423,2
-2.0075111,-0.9667664,3,-1.3892404,-1.7420532,3,-1.6305089,-2.1591423,2
-1.6305089,-2.1591423,2,-1.3892404,-1.7420532,3,-0.7404316,-2.602348,2
-0.7404316,-2.602348,2,-1.3892404,-1.7420532,3,0.24964392,-2.6940923,2
0.24964392,-2.6940923,2,-1.3892404,-1.7420532,3,1.2060049,-2.4219842,2
-1.3892404,-1.7420532,3,-0.49581444,-2.1723044,3,1.2060049,-2.4219842,2
1.2060049,-2.4219842,2,-0.49581444,-2.1723044,3,1.9994872,-1.8227742,2
1.9994872,-1.8227742,2,-0.49581444,-2.1723044,3,2.5229285,-0.9773878,2
-0.49581444,-2.1723044,3,0.49581453,-2.1723044,3,2.5229285,-0.9773878,2
0.49581453,-2.1723044,3,1.3892413,-1.7420524,3,2.5229285,-0.9773878,2
1.3892413,-1.7420524,3,2.0075111,-0.9667664,3,2.5229285,-0.9773878,2
2.5229285,-0.9773878,2,2.0075111,-0.9667664,3,2.7056339,0,2
2.0075111,-0.9667664,3,2.2281692,0,3,2.7056339,0,2
2.2281692,0,3,1.9098593,0,4,2.0075111,0.9667664,3
1.9098593,0,4,1.6539867,0.95492965,4,2.0075111,0.9667664,3
1.6539867,0.95492965,4,0.9549296,1.6539868,4,2.0075111,0.9667664,3
0.9549296,1.6539868,4,-0.000000083482604,1.9098593,4,2.0075111,0.9667664,3
-0.000000083482604,1.9098593,4,-0.95492977,1.6539867,4,2.0075111,0.9667664,3
-0.95492977,1.6539867,4,-1.6539867,0.95492977,4,2.0075111,0.9667664,3
2.0075111,0.9667664,3,-1.6539867,0.95492977,4,1.3892407,1.7420529,3
-1.6539867,0.95492977,4,-1.9098593,-0.00000016696521,4,1.3892407,1.7420529,3
1.3892407,1.7420529,3,-1.9098593,-0.00000016696521,4,0.4958141,2.1723044,3
-1.9098593,-0.00000016696521,4,-1.6539865,-0.95493,4,0.4958141,2.1723044,3
-1.6539865,-0.95493,4,-0.9549295,-1.6539868,4,0.4958141,2.1723044,3
-0.9549295,-1.6539868,4,0.000000022774843,-1.9098593,4,0.4958141,2.1723044,3
0.000000022774843,-1.9098593,4,0.9549295,-1.6539868,4,0.4958141,2.1723044,3
0.4958141,2.1723044,3,0.9549295,-1.6539868,4,-0.49581432,2.1723044,3
-0.49581432,2.1723044,3,0.9549295,-1.6539868,4,-1.3892407,1.7420529,3
0.9549295,-1.6539868,4,1.6539869,-0.9549292,4,-1.3892407,1.7420529,3
-1.3892407,1.7420529,3,1.6539869,-0.9549292,4,-2.0075111,0.9667661,3
-2.0075111,0.9667661,3,1.6539869,-0.9549292,4,-2.2281692,-0.00000019479273,3
-2.2281692,-0.00000019479273,3,1.6539869,-0.9549292,4,-2.0075111,-0.9667664,3
-2.0075111,-0.9667664,3,1.6539869,-0.9549292,4,-1.3892404,-1.7420532,3
1.6539869,-0.9549292,4,1.9098593,0,4,-1.3892404,-1.7420532,3
-1.3892404,-1.7420532,3,1.9098593,0,4,-0.49581444,-2.1723044,3
-0.49581444,-2.1723044,3,1.9098593,0,4,0.49581453,-2.1723044,3
0.49581453,-2.1723044,3,1.9098593,0,4,1.3892413,-1.7420524,3
1.3892413,-1.7420524,3,1.9098593,0,4,2.0075111,-0.9667664,3
2.0075111,-0.9667664,3,1.9098593,0,4,2.2281692,0,3
1.9098593,0,4,3.1830988,0,5,1.6539867,0.95492965,4
3.1830988,0,5,3.027307,0.9836317,5,1.6539867,0.95492965,4
3.027307,0.9836317,5,2.575181,1.8709785,5,1.6539867,0.95492965,4
2.575181,1.8709785,5,1.8709785,2.575181,5,1.6539867,0.95492965,4
1.6539867,0.95492965,4,1.8709785,2.575181,5,0.9549296,1.6539868,4
1.8709785,2.575181,5,0.98363155,3.027307,5,0.9549296,1.6539868,4
0.9549296,1.6539868,4,0.98363155,3.027307,5,-0.000000083482604,1.9098593,4
-0.000000083482604,1.9098593,4,0.98363155,3.027307,5,-0.95492977,1.6539867,4
0.98363155,3.027307,5,-0.00000013913767,3.1830988,5,-0.95492977,1.6539867,4
-0.00000013913767,3.1830988,5,-0.98363173,3.0273068,5,-0.95492977,1.6539867,4
-0.95492977,1.6539867,4,-0.98363173,3.0273068,5,-1.6539867,0.95492977,4
-0.98363173,3.0273068,5,-1.8709784,2.575181,5,-1.6539867,0.95492977,4
-1.8709784,2.575181,5,-2.5751812,1.8709784,5,-1.6539867,0.95492977,4
-2.5751812,1.8709784,5,-3.027307,0.98363096,5,-1.6539867,0.95492977,4
-3.027307,0.98363096,5,-3.1830988,-0.00000027827534,5,-1.6539867,0.95492977,4
-3.1830988,-0.00000027827534,5,-3.027307,-0.98363155,5,-1.6539867,0.95492977,4
-1.6539867,0.95492977,4,-3.027307,-0.98363155,5,-1.9098593,-0.00000016696521,4
-3.027307,-0.98363155,5,-2.5751808,-1.8709788,5,-1.9098593,-0.00000016696521,4
-2.5751808,-1.8709788,5,-1.8709779,-2.5751815,5,-1.9098593,-0.00000016696521,4
-1.8709779,-2.5751815,5,-0.9836319,-3.0273068,5,-1.9098593,-0.00000016696521,4
-1.9098593,-0.00000016696521,4,-0.9836319,-3.0273068,5,-1.6539865,-0.95493,4
-0.9836319,-3.0273068,5,0.000000037958074,-3.1830988,5,-1.6539865,-0.95493,4
0.000000037958074,-3.1830988,5,0.983632,-3.0273068,5,-1.6539865,-0.95493,4
-1.6539865,-0.95493,4,0.983632,-3.0273068,5,-0.9549295,-1.6539868,4
0.983632,-3.0273068,5,1.8709793,-2.5751805,5,-0.9549295,-1.6539868,4
1.8709793,-2.5751805,5,2.5751817,-1.8709775,5,-0.9549295,-1.6539868,4
-0.9549295,-1.6539868,4,2.5751817,-1.8709775,5,0.000000022774843,-1.9098593,4
0.000000022774843,-1.9098593,4,2.5751817,-1.8709775,5,0.9549295,-1.6539868,4
2.5751817,-1.8709775,5,3.027307,-0.98363143,5,0.9549295,-1.6539868,4
3.027307,-0.98363143,5,3.1830988,0,5,0.9549295,-1.6539868,4
0.9549295,-1.6539868,4,3.1830988,0,5,1.6539869,-0.9549292,4
1.6539869,-0.9549292,4,3.1830988,0,5,1.9098593,0,4
3.1830988,0,5,4.933803,0,6,3.027307,0.9836317,5
4.933803,0,6,4.8328075,0.99316734,6,3.027307,0.9836317,5
4.8328075,0.99316734,6,4.533957,1.9456742,6,3.027307,0.9836317,5
4.533957,1.9456742,6,4.049485,2.818525,6,3.027307,0.9836317,5
4.049485,2.818525,6,3.399227,3.575985,6,3.027307,0.9836317,5
3.399227,3.575985,6,2.6098042,4.1870437,6,3.027307,0.9836317,5
3.027307,0.9836317,5,2.6098042,4.1870437,6,2.575181,1.8709785,5
2.6098042,4.1870437,6,1.7135353,4.626684,6,2.575181,1.8709785,5
2.575181,1.8709785,5,1.7135353,4.626684,6,1.8709785,2.575181,5
1.8709785,2.575181,5,1.7135353,4.626684,6,0.98363155,3.027307,5
0.98363155,3.027307,5,1.7135353,4.626684,6,-0.00000013913767,3.1830988,5
1.7135353,4.626684,6,0.74711484,4.8769083,6,-0.00000013913767,3.1830988,5
-0.00000013913767,3.1830988,5,0.74711484,4.8769083,6,-0.98363173,3.0273068,5
-0.98363173,3.0273068,5,0.74711484,4.8769083,6,-1.8709784,2.575181,5
0.74711484,4.8769083,6,-0.24989331,4.9274707,6,-1.8709784,2.575181,5
-1.8709784,2.575181,5,-0.24989331,4.9274707,6,-2.5751812,1.8709784,5
-0.24989331,4.9274707,6,-1.2366707,4.7763014,6,-2.5751812,1.8709784,5
-1.2366707,4.7763014,6,-2.1728182,4.4295907,6,-2.5751812,1.8709784,5
-2.5751812,1.8709784,5,-2.1728182,4.4295907,6,-3.027307,0.98363096,5
-3.027307,0.98363096,5,-2.1728182,4.4295907,6,-3.1830988,-0.00000027827534,5
-2.1728182,4.4295907,6,-3.020011,3.9015315,6,-3.1830988,-0.00000027827534,5
-3.1830988,-0.00000027827534,5,-3.020011,3.9015315,6,-3.027307,-0.98363155,5
-3.020011,3.9015315,6,-3.7435634,3.213743,6,-3.027307,-0.98363155,5
-3.027307,-0.98363155,5,-3.7435634,3.213743,6,-2.5751808,-1.8709788,5
-3.7435634,3.213743,6,-4.3138547,2.3943834,6,-2.5751808,-1.8709788,5
-4.3138547,2.3943834,6,-4.7075353,1.4769986,6,-2.5751808,-1.8709788,5
-4.7075353,1.4769986,6,-4.9084897,0.4991443,6,-2.5751808,-1.8709788,5
-4.9084897,0.4991443,6,-4.908489,-0.49914512,6,-2.5751808,-1.8709788,5
-4.908489,-0.49914512,6,-4.7075353,-1.4769995,6,-2.5751808,-1.8709788,5
-2.5751808,-1.8709788,5,-4.7075353,-1.4769995,6,-1.8709779,-2.5751815,5
-1.8709779,-2.5751815,5,-4.7075353,-1.4769995,6,-0.9836319,-3.0273068,5
-4.7075353,-1.4769995,6,-4.3138533,-2.3943853,6,-0.9836319,-3.0273068,5
-4.3138533,-2.3943853,6,-3.7435632,-3.2137437,6,-0.9836319,-3.0273068,5
-3.7435632,-3.2137437,6,-3.02001,-3.901532,6,-0.9836319,-3.0273068,5
-0.9836319,-3.0273068,5,-3.02001,-3.901532,6,0.000000037958074,-3.1830988,5
-3.02001,-3.901532,6,-2.1728175,-4.429591,6,0.000000037958074,-3.1830988,5
-2.1728175,-4.429591,6,-1.2366693,-4.7763023,6,0.000000037958074,-3.1830988,5
0.000000037958074,-3.1830988,5,-1.2366693,-4.7763023,6,0.983632,-3.0273068,5
0.983632,-3.0273068,5,-1.2366693,-4.7763023,6,1.8709793,-2.5751805,5
-1.2366693,-4.7763023,6,-0.24989185,-4.9274707,6,1.8709793,-2.5751805,5
-0.24989185,-4.9274707,6,0.7471162,-4.876908,6,1.8709793,-2.5751805,5
1.8709793,-2.5751805,5,0.7471162,-4.876908,6,2.5751817,-1.8709775,5
0.7471162,-4.876908,6,1.7135372,-4.6266837,6,2.5751817,-1.8709775,5
1.7135372,-4.6266837,6,2.6098058,-4.1870427,6,2.5751817,-1.8709775,5
2.5751817,-1.8709775,5,2.6098058,-4.1870427,6,3.027307,-0.98363143,5
2.6098058,-4.1870427,6,3.399227,-3.5759852,6,3.027307,-0.98363143,5
3.399227,-3.5759852,6,4.049485,-2.8185248,6,3.027307,-0.98363143,5
4.049485,-2.8185248,6,4.533957,-1.9456738,6,3.027307,-0.98363143,5
4.533957,-1.9456738,6,4.832808,-0.9931667,6,3.027307,-0.98363143,5
3.027307,-0.98363143,5,4.832808,-0.9931667,6,3.1830988,0,5
4.832808,-0.9931667,6,4.933803,0,6,3.1830988,0,5
4.933803,0,6,4.774648,0,7,4.8328075,0.99316734,6
4.774648,0,7,4.670311,0.9927052,7,4.8328075,0.99316734,6
4.8328075,0.99316734,6,4.670311,0.9927052,7,4.533957,1.9456742,6
4.670311,0.9927052,7,4.361858,1.9420244,7,4.533957,1.9456742,6
4.361858,1.9420244,7,3.8627715,2.8064678,7,4.533957,1.9456742,6
4.533957,1.9456742,6,3.8627715,2.8064678,7,4.049485,2.818525,6
3.8627715,2.8064678,7,3.194863,3.5482552,7,4.049485,2.818525,6
4.049485,2.818525,6,3.194863,3.5482552,7,3.399227,3.575985,6
3.194863,3.5482552,7,2.3873239,4.134967,7,3.399227,3.575985,6
2.3873239,4.134967,7,1.4754473,4.5409603,7,3.399227,3.575985,6
1.4754473,4.5409603,7,0.49908644,4.7484922,7,3.399227,3.575985,6
3.399227,3.575985,6,0.49908644,4.7484922,7,2.6098042,4.1870437,6
2.6098042,4.1870437,6,0.49908644,4.7484922,7,1.7135353,4.626684,6
0.49908644,4.7484922,7,-0.49908686,4.7484922,7,1.7135353,4.626684,6
1.7135353,4.626684,6,-0.49908686,4.7484922,7,0.74711484,4.8769083,6
0.74711484,4.8769083,6,-0.49908686,4.7484922,7,-0.24989331,4.9274707,6
-0.24989331,4.9274707,6,-0.49908686,4.7484922,7,-1.2366707,4.7763014,6
-1.2366707,4.7763014,6,-0.49908686,4.7484922,7,-2.1728182,4.4295907,6
-0.49908686,4.7484922,7,-1.4754477,4.5409603,7,-2.1728182,4.4295907,6
-1.4754477,4.5409603,7,-2.3873243,4.1349664,7,-2.1728182,4.4295907,6
-2.1728182,4.4295907,6,-2.3873243,4.1349664,7,-3.020011,3.9015315,6
-3.020011,3.9015315,6,-2.3873243,4.1349664,7,-3.7435634,3.213743,6
-3.7435634,3.213743,6,-2.3873243,4.1349664,7,-4.3138547,2.3943834,6
-4.3138547,2.3943834,6,-2.3873243,4.1349664,7,-4.7075353,1.4769986,6
-2.3873243,4.1349664,7,-3.1948636,3.548255,7,-4.7075353,1.4769986,6
-4.7075353,1.4769986,6,-3.1948636,3.548255,7,-4.9084897,0.4991443,6
-3.1948636,3.548255,7,-3.8627717,2.8064675,7,-4.9084897,0.4991443,6
-3.8627717,2.8064675,7,-4.3618584,1.9420241,7,-4.9084897,0.4991443,6
-4.9084897,0.4991443,6,-4.3618584,1.9420241,7,-4.908489,-0.49914512,6
-4.3618584,1.9420241,7,-4.670311,0.9927048,7,-4.908489,-0.49914512,6
-4.670311,0.9927048,7,-4.774648,-0.000000417413,7,-4.908489,-0.49914512,6
-4.774648,-0.000000417413,7,-4.6703105,-0.99270564,7,-4.908489,-0.49914512,6
-4.908489,-0.49914512,6,-4.6703105,-0.99270564,7,-4.7075353,-1.4769995,6
-4.6703105,-0.99270564,7,-4.361858,-1.9420248,7,-4.7075353,-1.4769995,6
-4.361858,-1.9420248,7,-3.8627713,-2.8064682,7,-4.7075353,-1.4769995,6
-4.7075353,-1.4769995,6,-3.8627713,-2.8064682,7,-4.3138533,-2.3943853,6
-3.8627713,-2.8064682,7,-3.1948628,-3.5482552,7,-4.3138533,-2.3943853,6
-4.3138533,-2.3943853,6,-3.1948628,-3.5482552,7,-3.7435632,-3.2137437,6
-3.1948628,-3.5482552,7,-2.3873236,-4.134967,7,-3.7435632,-3.2137437,6
-3.7435632,-3.2137437,6,-2.3873236,-4.134967,7,-3.02001,-3.901532,6
-2.3873236,-4.134967,7,-1.4754479,-4.5409603,7,-3.02001,-3.901532,6
-3.02001,-3.901532,6,-1.4754479,-4.5409603,7,-2.1728175,-4.429591,6
-1.4754479,-4.5409603,7,-0.49908605,-4.7484922,7,-2.1728175,-4.429591,6
-2.1728175,-4.429591,6,-0.49908605,-4.7484922,7,-1.2366693,-4.7763023,6
-1.2366693,-4.7763023,6,-0.49908605,-4.7484922,7,-0.24989185,-4.9274707,6
-0.49908605,-4.7484922,7,0.49908844,-4.748492,7,-0.24989185,-4.9274707,6
-0.24989185,-4.9274707,6,0.49908844,-4.748492,7,0.7471162,-4.876908,6
0.49908844,-4.748492,7,1.475448,-4.5409603,7,0.7471162,-4.876908,6
1.475448,-4.5409603,7,2.3873236,-4.134967,7,0.7471162,-4.876908,6
2.3873236,-4.134967,7,3.1948638,-3.5482547,7,0.7471162,-4.876908,6
0.7471162,-4.876908,6,3.1948638,-3.5482547,7,1.7135372,-4.6266837,6
3.1948638,-3.5482547,7,3.8627727,-2.8064663,7,1.7135372,-4.6266837,6
1.7135372,-4.6266837,6,3.8627727,-2.8064663,7,2.6098058,-4.1870427,6
2.6098058,-4.1870427,6,3.8627727,-2.8064663,7,3.399227,-3.5759852,6
3.8627727,-2.8064663,7,4.3618584,-1.9420236,7,3.399227,-3.5759852,6
3.399227,-3.5759852,6,4.3618584,-1.9420236,7,4.049485,-2.8185248,6
4.3618584,-1.9420236,7,4.6703105,-0.9927055,7,4.049485,-2.8185248,6
4.049485,-2.8185248,6,4.6703105,-0.9927055,7,4.533957,-1.9456738,6
4.533957,-1.9456738,6,4.6703105,-0.9927055,7,4.832808,-0.9931667,6
4.832808,-0.9931667,6,4.6703105,-0.9927055,7,4.933803,0,6
4.6703105,-0.9927055,7,4.774648,0,7,4.933803,0,6
4.774648,0,7,3.9788735,0,8,4.670311,0.9927052,7
4.670311,0.9927052,7,3.9788735,0,8,4.361858,1.9420244,7
3.9788735,0,8,3.85387,0.98950565,8,4.361858,1.9420244,7
4.361858,1.9420244,7,3.85387,0.98950565,8,3.8627715,2.8064678,7
3.8627715,2.8064678,7,3.85387,0.98950565,8,3.194863,3.5482552,7
3.194863,3.5482552,7,3.85387,0.98950565,8,2.3873239,4.134967,7
3.85387,0.98950565,8,3.4867134,1.9168371,8,2.3873239,4.134967,7
2.3873239,4.134967,7,3.4867134,1.9168371,8,1.4754473,4.5409603,7
1.4754473,4.5409603,7,3.4867134,1.9168371,8,0.49908644,4.7484922,7
0.49908644,4.7484922,7,3.4867134,1.9168371,8,-0.49908686,4.7484922,7
-0.49908686,4.7484922,7,3.4867134,1.9168371,8,-1.4754477,4.5409603,7
3.4867134,1.9168371,8,2.9004736,2.7237267,8,-1.4754477,4.5409603,7
2.9004736,2.7237267,8,2.1319869,3.359474,8,-1.4754477,4.5409603,7
-1.4754477,4.5409603,7,2.1319869,3.359474,8,-2.3873243,4.1349664,7
2.1319869,3.359474,8,1.2295394,3.7841337,8,-2.3873243,4.1349664,7
-2.3873243,4.1349664,7,1.2295394,3.7841337,8,-3.1948636,3.548255,7
1.2295394,3.7841337,8,0.24983497,3.9710221,8,-3.1948636,3.548255,7
-3.1948636,3.548255,7,0.24983497,3.9710221,8,-3.8627717,2.8064675,7
-3.8627717,2.8064675,7,0.24983497,3.9710221,8,-4.3618584,1.9420241,7
0.24983497,3.9710221,8,-0.745567,3.9083967,8,-4.3618584,1.9420241,7
-4.3618584,1.9420241,7,-0.745567,3.9083967,8,-4.670311,0.9927048,7
-0.745567,3.9083967,8,-1.6941223,3.600192,8,-4.670311,0.9927048,7
-1.6941223,3.600192,8,-2.53623,3.0657742,8,-4.670311,0.9927048,7
-4.670311,0.9927048,7,-2.53623,3.0657742,8,-4.774648,-0.000000417413,7
-4.774648,-0.000000417413,7,-2.53623,3.0657742,8,-4.6703105,-0.99270564,7
-4.6703105,-0.99270564,7,-2.53623,3.0657742,8,-4.361858,-1.9420248,7
-4.361858,-1.9420248,7,-2.53623,3.0657742,8,-3.8627713,-2.8064682,7
-3.8627713,-2.8064682,7,-2.53623,3.0657742,8,-3.1948628,-3.5482552,7
-2.53623,3.0657742,8,-3.2189765,2.338723,8,-3.1948628,-3.5482552,7
-3.2189765,2.338723,8,-3.6994634,1.4647204,8,-3.1948628,-3.5482552,7
-3.6994634,1.4647204,8,-3.947499,0.49868402,8,-3.1948628,-3.5482552,7
-3.1948628,-3.5482552,7,-3.947499,0.49868402,8,-2.3873236,-4.134967,7
-3.947499,0.49868402,8,-3.9474988,-0.49868563,8,-2.3873236,-4.134967,7
-3.9474988,-0.49868563,8,-3.6994627,-1.4647219,8,-2.3873236,-4.134967,7
-2.3873236,-4.134967,7,-3.6994627,-1.4647219,8,-1.4754479,-4.5409603,7
-3.6994627,-1.4647219,8,-3.218976,-2.3387237,8,-1.4754479,-4.5409603,7
-3.218976,-2.3387237,8,-2.5362287,-3.0657752,8,-1.4754479,-4.5409603,7
-2.5362287,-3.0657752,8,-1.6941209,-3.6001928,8,-1.4754479,-4.5409603,7
-1.4754479,-4.5409603,7,-1.6941209,-3.6001928,8,-0.49908605,-4.7484922,7
-1.6941209,-3.6001928,8,-0.74556494,-3.9083972,8,-0.49908605,-4.7484922,7
-0.74556494,-3.9083972,8,0.24983568,-3.9710221,8,-0.49908605,-4.7484922,7
0.24983568,-3.9710221,8,1.22954,-3.7841334,8,-0.49908605,-4.7484922,7
1.22954,-3.7841334,8,2.1319878,-3.3594735,8,-0.49908605,-4.7484922,7
-0.49908605,-4.7484922,7,2.1319878,-3.3594735,8,0.49908844,-4.748492,7
0.49908844,-4.748492,7,2.1319878,-3.3594735,8,1.475448,-4.5409603,7
2.1319878,-3.3594735,8,2.9004748,-2.7237253,8,1.475448,-4.5409603,7
1.475448,-4.5409603,7,2.9004748,-2.7237253,8,2.3873236,-4.134967,7
2.9004748,-2.7237253,8,3.4867144,-1.9168354,8,2.3873236,-4.134967,7
3.4867144,-1.9168354,8,3.8538704,-0.9895035,8,2.3873236,-4.134967,7
2.3873236,-4.134967,7,3.8538704,-0.9895035,8,3.1948638,-3.5482547,7
3.1948638,-3.5482547,7,3.8538704,-0.9895035,8,3.8627727,-2.8064663,7
3.8538704,-0.9895035,8,3.9788735,0,8,3.8627727,-2.8064663,7
3.8627727,-2.8064663,7,3.9788735,0,8,4.3618584,-1.9420236,7
4.3618584,-1.9420236,7,3.9788735,0,8,4.6703105,-0.9927055,7
4.6703105,-0.9927055,7,3.9788735,0,8,4.774648,0,7
3.9788735,0,8,2.864789,0,9,3.85387,0.98950565,8
2.864789,0,9,2.6920211,0.9798156,9,3.85387,0.98950565,8
2.6920211,0.9798156,9,2.1945558,1.8414509,9,3.85387,0.98950565,8
3.85387,0.98950565,8,2.1945558,1.8414509,9,3.4867134,1.9168371,8
2.1945558,1.8414509,9,1.4323944,2.4809802,9,3.4867134,1.9168371,8
1.4323944,2.4809802,9,0.4974652,2.8212664,9,3.4867134,1.9168371,8
3.4867134,1.9168371,8,0.4974652,2.8212664,9,2.9004736,2.7237267,8
2.9004736,2.7237267,8,0.4974652,2.8212664,9,2.1319869,3.359474,8
2.1319869,3.359474,8,0.4974652,2.8212664,9,1.2295394,3.7841337,8
1.2295394,3.7841337,8,0.4974652,2.8212664,9,0.24983497,3.9710221,8
0.4974652,2.8212664,9,-0.49746573,2.8212664,9,0.24983497,3.9710221,8
0.24983497,3.9710221,8,-0.49746573,2.8212664,9,-0.745567,3.9083967,8
-0.49746573,2.8212664,9,-1.4323946,2.48098,9,-0.745567,3.9083967,8
-0.745567,3.9083967,8,-1.4323946,2.48098,9,-1.6941223,3.600192,8
-1.6941223,3.600192,8,-1.4323946,2.48098,9,-2.53623,3.0657742,8
-1.4323946,2.48098,9,-2.1945562,1.8414505,9,-2.53623,3.0657742,8
-2.1945562,1.8414505,9,-2.6920211,0.9798151,9,-2.53623,3.0657742,8
-2.53623,3.0657742,8,-2.6920211,0.9798151,9,-3.2189765,2.338723,8
-2.6920211,0.9798151,9,-2.864789,-0.0000002504478,9,-3.2189765,2.338723,8
-3.2189765,2.338723,8,-2.864789,-0.0000002504478,9,-3.6994634,1.4647204,8
-2.864789,-0.0000002504478,9,-2.692021,-0.97981626,9,-3.6994634,1.4647204,8
-3.6994634,1.4647204,8,-2.692021,-0.97981626,9,-3.947499,0.49868402,8
-3.947499,0.49868402,8,-2.692021,-0.97981626,9,-3.9474988,-0.49868563,8
-3.9474988,-0.49868563,8,-2.692021,-0.97981626,9,-3.6994627,-1.4647219,8
-3.6994627,-1.4647219,8,-2.692021,-0.97981626,9,-3.218976,-2.3387237,8
-2.692021,-0.97981626,9,-2.1945553,-1.8414513,9,-3.218976,-2.3387237,8
-2.1945553,-1.8414513,9,-1.4323943,-2.4809802,9,-3.218976,-2.3387237,8
-1.4323943,-2.4809802,9,-0.49746525,-2.8212664,9,-3.218976,-2.3387237,8
-3.218976,-2.3387237,8,-0.49746525,-2.8212664,9,-2.5362287,-3.0657752,8
-0.49746525,-2.8212664,9,0.49746668,-2.8212662,9,-2.5362287,-3.0657752,8
0.49746668,-2.8212662,9,1.4323956,-2.4809794,9,-2.5362287,-3.0657752,8
-2.5362287,-3.0657752,8,1.4323956,-2.4809794,9,-1.6941209,-3.6001928,8
-1.6941209,-3.6001928,8,1.4323956,-2.4809794,9,-0.74556494,-3.9083972,8
-0.74556494,-3.9083972,8,1.4323956,-2.4809794,9,0.24983568,-3.9710221,8
0.24983568,-3.9710221,8,1.4323956,-2.4809794,9,1.22954,-3.7841334,8
1.22954,-3.7841334,8,1.4323956,-2.4809794,9,2.1319878,-3.3594735,8
1.4323956,-2.4809794,9,2.1945562,-1.8414502,9,2.1319878,-3.3594735,8
2.1945562,-1.8414502,9,2.6920211,-0.9798149,9,2.1319878,-3.3594735,8
2.1319878,-3.3594735,8,2.6920211,-0.9798149,9,2.9004748,-2.7237253,8
2.9004748,-2.7237253,8,2.6920211,-0.9798149,9,3.4867144,-1.9168354,8
3.4867144,-1.9168354,8,2.6920211,-0.9798149,9,3.8538704,-0.9895035,8
3.8538704,-0.9895035,8,2.6920211,-0.9798149,9,3.9788735,0,8
2.6920211,-0.9798149,9,2.864789,0,9,3.9788735,0,8
2.864789,0,9,2.0690143,0,10,2.6920211,0.9798156,9
2.6920211,0.9798156,9,2.0690143,0,10,2.1945558,1.8414509,9
2.1945558,1.8414509,9,2.0690143,0,10,1.4323944,2.4809802,9
1.4323944,2.4809802,9,2.0690143,0,10,0.4974652,2.8212664,9
2.0690143,0,10,1.8320212,0.96151894,10,0.4974652,2.8212664,9
0.4974652,2.8212664,9,1.8320212,0.96151894,10,-0.49746573,2.8212664,9
1.8320212,0.96151894,10,1.175334,1.7027653,10,-0.49746573,2.8212664,9
1.175334,1.7027653,10,0.24939188,2.0539289,10,-0.49746573,2.8212664,9
-0.49746573,2.8212664,9,0.24939188,2.0539289,10,-1.4323946,2.48098,9
-1.4323946,2.48098,9,0.24939188,2.0539289,10,-2.1945562,1.8414505,9
-2.1945562,1.8414505,9,0.24939188,2.0539289,10,-2.6920211,0.9798151,9
0.24939188,2.0539289,10,-0.73368275,1.934562,10,-2.6920211,0.9798151,9
-2.6920211,0.9798151,9,-0.73368275,1.934562,10,-2.864789,-0.0000002504478,9
-2.864789,-0.0000002504478,9,-0.73368275,1.934562,10,-2.692021,-0.97981626,9
-0.73368275,1.934562,10,-1.5486795,1.3720102,10,-2.692021,-0.97981626,9
-2.692021,-0.97981626,9,-1.5486795,1.3720102,10,-2.1945553,-1.8414513,9
-1.5486795,1.3720102,10,-2.0088928,0.49514708,10,-2.1945553,-1.8414513,9
-2.1945553,-1.8414513,9,-2.0088928,0.49514708,10,-1.4323943,-2.4809802,9
-2.0088928,0.49514708,10,-2.0088925,-0.4951479,10,-1.4323943,-2.4809802,9
-1.4323943,-2.4809802,9,-2.0088925,-0.4951479,10,-0.49746525,-2.8212664,9
-0.49746525,-2.8212664,9,-2.0088925,-0.4951479,10,0.49746668,-2.8212662,9
-2.0088925,-0.4951479,10,-1.5486792,-1.3720105,10,0.49746668,-2.8212662,9
-1.5486792,-1.3720105,10,-0.7336819,-1.9345622,10,0.49746668,-2.8212662,9
0.49746668,-2.8212662,9,-0.7336819,-1.9345622,10,1.4323956,-2.4809794,9
1.4323956,-2.4809794,9,-0.7336819,-1.9345622,10,2.1945562,-1.8414502,9
-0.7336819,-1.9345622,10,0.24939226,-2.0539289,10,2.1945562,-1.8414502,9
2.1945562,-1.8414502,9,0.24939226,-2.0539289,10,2.6920211,-0.9798149,9
0.24939226,-2.0539289,10,1.1753345,-1.7027651,10,2.6920211,-0.9798149,9
1.1753345,-1.7027651,10,1.8320217,-0.9615181,10,2.6920211,-0.9798149,9
1.8320217,-0.9615181,10,2.0690143,0,10,2.6920211,-0.9798149,9
2.6920211,-0.9798149,9,2.0690143,0,10,2.864789,0,9
2.0690143,0,10,2.2281692,0,11,1.8320212,0.96151894,10
2.2281692,0,11,2.0075111,0.9667664,11,1.8320212,0.96151894,10
1.8320212,0.96151894,10,2.0075111,0.9667664,11,1.175334,1.7027653,10
1.175334,1.7027653,10,2.0075111,0.9667664,11,0.24939188,2.0539289,10
2.0075111,0.9667664,11,1.3892407,1.7420529,11,0.24939188,2.0539289,10
1.3892407,1.7420529,11,0.4958141,2.1723044,11,0.24939188,2.0539289,10
0.24939188,2.0539289,10,0.4958141,2.1723044,11,-0.73368275,1.934562,10
0.4958141,2.1723044,11,-0.49581432,2.1723044,11,-0.73368275,1.934562,10
-0.49581432,2.1723044,11,-1.3892407,1.7420529,11,-0.73368275,1.934562,10
-1.3892407,1.7420529,11,-2.0075111,0.9667661,11,-0.73368275,1.934562,10
-0.73368275,1.934562,10,-2.0075111,0.9667661,11,-1.5486795,1.3720102,10
-1.5486795,1.3720102,10,-2.0075111,0.9667661,11,-2.0088928,0.49514708,10
-2.0075111,0.9667661,11,-2.2281692,-0.00000019479273,11,-2.0088928,0.49514708,10
-2.0088928,0.49514708,10,-2.2281692,-0.00000019479273,11,-2.0088925,-0.4951479,10
-2.0088925,-0.4951479,10,-2.2281692,-0.00000019479273,11,-1.5486792,-1.3720105,10
-1.5486792,-1.3720105,10,-2.2281692,-0.00000019479273,11,-0.7336819,-1.9345622,10
-2.2281692,-0.00000019479273,11,-2.0075111,-0.9667664,11,-0.7336819,-1.9345622,10
-2.0075111,-0.9667664,11,-1.3892404,-1.7420532,11,-0.7336819,-1.9345622,10
-0.7336819,-1.9345622,10,-1.3892404,-1.7420532,11,0.24939226,-2.0539289,10
-1.3892404,-1.7420532,11,-0.49581444,-2.1723044,11,0.24939226,-2.0539289,10
-0.49581444,-2.1723044,11,0.49581453,-2.1723044,11,0.24939226,-2.0539289,10
0.24939226,-2.0539289,10,0.49581453,-2.1723044,11,1.1753345,-1.7027651,10
0.49581453,-2.1723044,11,1.3892413,-1.7420524,11,1.1753345,-1.7027651,10
1.1753345,-1.7027651,10,1.3892413,-1.7420524,11,1.8320217,-0.9615181,10
1.8320217,-0.9615181,10,1.3892413,-1.7420524,11,2.0690143,0,10
1.3892413,-1.7420524,11,2.0075111,-0.9667664,11,2.0690143,0,10
2.0075111,-0.9667664,11,2.2281692,0,11,2.0690143,0,10
2.2281692,0,11,3.023944,0,12,2.0075111,0.9667664,11
3.023944,0,12,2.8600984,0.981873,12,2.0075111,0.9667664,11
2.0075111,0.9667664,11,2.8600984,0.981873,12,1.3892407,1.7420529,11
2.8600984,0.981873,12,2.3863168,1.8573447,12,1.3892407,1.7420529,11
2.3863168,1.8573447,12,1.6539404,2.5315444,12,1.3892407,1.7420529,11
1.6539404,2.5315444,12,0.74233437,2.931412,12,1.3892407,1.7420529,11
0.74233437,2.931412,12,-0.24971525,3.0136156,12,1.3892407,1.7420529,11
1.3892407,1.7420529,11,-0.24971525,3.0136156,12,0.4958141,2.1723044,11
-0.24971525,3.0136156,12,-1.2147044,2.7692473,12,0.4958141,2.1723044,11
0.4958141,2.1723044,11,-1.2147044,2.7692473,12,-0.49581432,2.1723044,11
-0.49581432,2.1723044,11,-1.2147044,2.7692473,12,-1.3892407,1.7420529,11
-1.2147044,2.7692473,12,-2.0480614,2.224788,12,-1.3892407,1.7420529,11
-1.3892407,1.7420529,11,-2.0480614,2.224788,12,-2.0075111,0.9667661,11
-2.0075111,0.9667661,11,-2.0480614,2.224788,12,-2.2281692,-0.00000019479273,11
-2.2281692,-0.00000019479273,11,-2.0480614,2.224788,12,-2.0075111,-0.9667664,11
-2.0480614,2.224788,12,-2.6594794,1.4392383,12,-2.0075111,-0.9667664,11
-2.6594794,1.4392383,12,-2.9827013,0.4977249,12,-2.0075111,-0.9667664,11
-2.0075111,-0.9667664,11,-2.9827013,0.4977249,12,-1.3892404,-1.7420532,11
-2.9827013,0.4977249,12,-2.9827013,-0.4977247,12,-1.3892404,-1.7420532,11
-2.9827013,-0.4977247,12,-2.6594794,-1.4392381,12,-1.3892404,-1.7420532,11
-1.3892404,-1.7420532,11,-2.6594794,-1.4392381,12,-0.49581444,-2.1723044,11
-0.49581444,-2.1723044,11,-2.6594794,-1.4392381,12,0.49581453,-2.1723044,11
-2.6594794,-1.4392381,12,-2.0480616,-2.224788,12,0.49581453,-2.1723044,11
-2.0480616,-2.224788,12,-1.2147039,-2.7692473,12,0.49581453,-2.1723044,11
0.49581453,-2.1723044,11,-1.2147039,-2.7692473,12,1.3892413,-1.7420524,11
-1.2147039,-2.7692473,12,-0.24971545,-3.0136156,12,1.3892413,-1.7420524,11
-0.24971545,-3.0136156,12,0.7423335,-2.9314122,12,1.3892413,-1.7420524,11
1.3892413,-1.7420524,11,0.7423335,-2.9314122,12,2.0075111,-0.9667664,11
0.7423335,-2.9314122,12,1.6539404,-2.5315444,12,2.0075111,-0.9667664,11
1.6539404,-2.5315444,12,2.386317,-1.8573444,12,2.0075111,-0.9667664,11
2.386317,-1.8573444,12,2.8600984,-0.98187315,12,2.0075111,-0.9667664,11
2.0075111,-0.9667664,11,2.8600984,-0.98187315,12,2.2281692,0,11
2.8600984,-0.98187315,12,3.023944,0,12,2.2281692,0,11
3.023944,0,12,2.864789,0,13,2.8600984,0.981873,12
2.8600984,0.981873,12,2.864789,0,13,2.3863168,1.8573447,12
2.864789,0,13,2.6920211,0.9798156,13,2.3863168,1.8573447,12
2.6920211,0.9798156,13,2.1945558,1.8414509,13,2.3863168,1.8573447,12
2.3863168,1.8573447,12,2.1945558,1.8414509,13,1.6539404,2.5315444,12
2.1945558,1.8414509,13,1.4323944,2.4809802,13,1.6539404,2.5315444,12
1.4323944,2.4809802,13,0.4974652,2.8212664,13,1.6539404,2.5315444,12
1.6539404,2.5315444,12,0.4974652,2.8212664,13,0.74233437,2.931412,12
0.74233437,2.931412,12,0.4974652,2.8212664,13,-0.24971525,3.0136156,12
-0.24971525,3.0136156,12,0.4974652,2.8212664,13,-1.2147044,2.7692473,12
-1.2147044,2.7692473,12,0.4974652,2.8212664,13,-2.0480614,2.224788,12
-2.0480614,2.224788,12,0.4974652,2.8212664,13,-2.6594794,1.4392383,12
-2.6594794,1.4392383,12,0.4974652,2.8212664,13,-2.9827013,0.4977249,12
-2.9827013,0.4977249,12,0.4974652,2.8212664,13,-2.9827013,-0.4977247,12
0.4974652,2.8212664,13,-0.49746573,2.8212664,13,-2.9827013,-0.4977247,12
-0.49746573,2.8212664,13,-1.4323946,2.48098,13,-2.9827013,-0.4977247,12
-1.4323946,2.48098,13,-2.1945562,1.8414505,13,-2.9827013,-0.4977247,12
-2.9827013,-0.4977247,12,-2.1945562,1.8414505,13,-2.6594794,-1.4392381,12
-2.1945562,1.8414505,13,-2.6920211,0.9798151,13,-2.6594794,-1.4392381,12
-2.6920211,0.9798151,13,-2.864789,-0.0000002504478,13,-2.6594794,-1.4392381,12
-2.864789,-0.0000002504478,13,-2.692021,-0.97981626,13,-2.6594794,-1.4392381,12
-2.6594794,-1.4392381,12,-2.692021,-0.97981626,13,-2.0480616,-2.224788,12
-2.692021,-0.97981626,13,-2.1945553,-1.8414513,13,-2.0480616,-2.224788,12
-2.1945553,-1.8414513,13,-1.4323943,-2.4809802,13,-2.0480616,-2.224788,12
-1.4323943,-2.4809802,13,-0.49746525,-2.8212664,13,-2.0480616,-2.224788,12
-2.0480616,-2.224788,12,-0.49746525,-2.8212664,13,-1.2147039,-2.7692473,12
-1.2147039,-2.7692473,12,-0.49746525,-2.8212664,13,-0.24971545,-3.0136156,12
-0.24971545,-3.0136156,12,-0.49746525,-2.8212664,13,0.7423335,-2.9314122,12
0.7423335,-2.9314122,12,-0.49746525,-2.8212664,13,1.6539404,-2.5315444,12
-0.49746525,-2.8212664,13,0.49746668,-2.8212662,13,1.6539404,-2.5315444,12
1.6539404,-2.5315444,12,0.49746668,-2.8212662,13,2.386317,-1.8573444,12
2.386317,-1.8573444,12,0.49746668,-2.8212662,13,2.8600984,-0.98187315,12
0.49746668,-2.8212662,13,1.4323956,-2.4809794,13,2.8600984,-0.98187315,12
2.8600984,-0.98187315,12,1.4323956,-2.4809794,13,3.023944,0,12
1.4323956,-2.4809794,13,2.1945562,-1.8414502,13,3.023944,0,12
2.1945562,-1.8414502,13,2.6920211,-0.9798149,13,3.023944,0,12
2.6920211,-0.9798149,13,2.864789,0,13,3.023944,0,12
2.864789,0,13,1.5915494,0,14,2.6920211,0.9798156,13
1.5915494,0,14,1.2875905,0.93548924,14,2.6920211,0.9798156,13
2.6920211,0.9798156,13,1.2875905,0.93548924,14,2.1945558,1.8414509,13
1.2875905,0.93548924,14,0.49181578,1.5136535,14,2.1945558,1.8414509,13
2.1945558,1.8414509,13,0.49181578,1.5136535,14,1.4323944,2.4809802,13
1.4323944,2.4809802,13,0.49181578,1.5136535,14,0.4974652,2.8212664,13
0.4974652,2.8212664,13,0.49181578,1.5136535,14,-0.49746573,2.8212664,13
0.49181578,1.5136535,14,-0.49181587,1.5136534,14,-0.49746573,2.8212664,13
-0.49181587,1.5136534,14,-1.2875906,0.9354892,14,-0.49746573,2.8212664,13
-0.49746573,2.8212664,13,-1.2875906,0.9354892,14,-1.4323946,2.48098,13
-1.2875906,0.9354892,14,-1.5915494,-0.00000013913767,14,-1.4323946,2.48098,13
-1.5915494,-0.00000013913767,14,-1.2875904,-0.9354894,14,-1.4323946,2.48098,13
-1.4323946,2.48098,13,-1.2875904,-0.9354894,14,-2.1945562,1.8414505,13
-2.1945562,1.8414505,13,-1.2875904,-0.9354894,14,-2.6920211,0.9798151,13
-1.2875904,-0.9354894,14,-0.49181595,-1.5136534,14,-2.6920211,0.9798151,13
-2.6920211,0.9798151,13,-0.49181595,-1.5136534,14,-2.864789,-0.0000002504478,13
-2.864789,-0.0000002504478,13,-0.49181595,-1.5136534,14,-2.692021,-0.97981626,13
-2.692021,-0.97981626,13,-0.49181595,-1.5136534,14,-2.1945553,-1.8414513,13
-2.1945553,-1.8414513,13,-0.49181595,-1.5136534,14,-1.4323943,-2.4809802,13
-1.4323943,-2.4809802,13,-0.49181595,-1.5136534,14,-0.49746525,-2.8212664,13
-0.49746525,-2.8212664,13,-0.49181595,-1.5136534,14,0.49746668,-2.8212662,13
0.49746668,-2.8212662,13,-0.49181595,-1.5136534,14,1.4323956,-2.4809794,13
1.4323956,-2.4809794,13,-0.49181595,-1.5136534,14,2.1945562,-1.8414502,13
-0.49181595,-1.5136534,14,0.491816,-1.5136534,14,2.1945562,-1.8414502,13
2.1945562,-1.8414502,13,0.491816,-1.5136534,14,2.6920211,-0.9798149,13
0.491816,-1.5136534,14,1.2875909,-0.93548876,14,2.6920211,-0.9798149,13
2.6920211,-0.9798149,13,1.2875909,-0.93548876,14,2.864789,0,13
1.2875909,-0.93548876,14,1.5915494,0,14,2.864789,0,13
1.5915494,0,14,1.5915494,0,15,1.2875905,0.93548924,14
1.2875905,0.93548924,14,1.5915494,0,15,0.49181578,1.5136535,14
1.5915494,0,15,1.2875905,0.93548924,15,0.49181578,1.5136535,14
1.2875905,0.93548924,15,0.49181578,1.5136535,15,0.49181578,1.5136535,14
0.49181578,1.5136535,14,0.49181578,1.5136535,15,-0.49181587,1.5136534,14
0.49181578,1.5136535,15,-0.49181587,1.5136534,15,-0.49181587,1.5136534,14
-0.49181587,1.5136534,15,-1.2875906,0.9354892,15,-0.49181587,1.5136534,14
-1.2875906,0.9354892,15,-1.5915494,-0.00000013913767,15,-0.49181587,1.5136534,14
-1.5915494,-0.00000013913767,15,-1.2875904,-0.9354894,15,-0.49181587,1.5136534,14
-0.49181587,1.5136534,14,-1.2875904,-0.9354894,15,-1.2875906,0.9354892,14
-1.2875906,0.9354892,14,-1.2875904,-0.9354894,15,-1.5915494,-0.00000013913767,14
-1.5915494,-0.00000013913767,14,-1.2875904,-0.9354894,15,-1.2875904,-0.9354894,14
-1.2875904,-0.9354894,14,-1.2875904,-0.9354894,15,-0.49181595,-1.5136534,14
-1.2875904,-0.9354894,15,-0.49181595,-1.5136534,15,-0.49181595,-1.5136534,14
-0.49181595,-1.5136534,15,0.491816,-1.5136534,15,-0.49181595,-1.5136534,14
-0.49181595,-1.5136534,14,0.491816,-1.5136534,15,0.491816,-1.5136534,14
0.491816,-1.5136534,14,0.491816,-1.5136534,15,1.2875909,-0.93548876,14
0.491816,-1.5136534,15,1.2875909,-0.93548876,15,1.2875909,-0.93548876,14
1.2875909,-0.93548876,15,1.5915494,0,15,1.2875909,-0.93548876,14
1.2875909,-0.93548876,14,1.5915494,0,15,1.5915494,0,14
1.5915494,0,15,3.023944,0,16,1.2875905,0.93548924,15
3.023944,0,16,2.8600984,0.981873,16,1.2875905,0.93548924,15
1.2875905,0.93548924,15,2.8600984,0.981873,16,0.49181578,1.5136535,15
2.8600984,0.981873,16,2.3863168,1.8573447,16,0.49181578,1.5136535,15
2.3863168,1.8573447,16,1.6539404,2.5315444,16,0.49181578,1.5136535,15
1.6539404,2.5315444,16,0.74233437,2.931412,16,0.49181578,1.5136535,15
0.74233437,2.931412,16,-0.24971525,3.0136156,16,0.49181578,1.5136535,15
-0.24971525,3.0136156,16,-1.2147044,2.7692473,16,0.49181578,1.5136535,15
-1.2147044,2.7692473,16,-2.0480614,2.224788,16,0.49181578,1.5136535,15
-2.0480614,2.224788,16,-2.6594794,1.4392383,16,0.49181578,1.5136535,15
-2.6594794,1.4392383,16,-2.9827013,0.4977249,16,0.49181578,1.5136535,15
0.49181578,1.5136535,15,-2.9827013,0.4977249,16,-0.49181587,1.5136534,15
-2.9827013,0.4977249,16,-2.9827013,-0.4977247,16,-0.49181587,1.5136534,15
-0.49181587,1.5136534,15,-2.9827013,-0.4977247,16,-1.2875906,0.9354892,15
-2.9827013,-0.4977247,16,-2.6594794,-1.4392381,16,-1.2875906,0.9354892,15
-1.2875906,0.9354892,15,-2.6594794,-1.4392381,16,-1.5915494,-0.00000013913767,15
-2.6594794,-1.4392381,16,-2.0480616,-2.224788,16,-1.5915494,-0.00000013913767,15
-2.0480616,-2.224788,16,-1.2147039,-2.7692473,16,-1.5915494,-0.00000013913767,15
-1.5915494,-0.00000013913767,15,-1.2147039,-2.7692473,16,-1.2875904,-0.9354894,15
-1.2875904,-0.9354894,15,-1.2147039,-2.7692473,16,-0.49181595,-1.5136534,15
-1.2147039,-2.7692473,16,-0.24971545,-3.0136156,16,-0.49181595,-1.5136534,15
-0.24971545,-3.0136156,16,0.7423335,-2.9314122,16,-0.49181595,-1.5136534,15
0.7423335,-2.9314122,16,1.6539404,-2.5315444,16,-0.49181595,-1.5136534,15
-0.49181595,-1.5136534,15,1.6539404,-2.5315444,16,0.491816,-1.5136534,15
1.6539404,-2.5315444,16,2.386317,-1.8573444,16,0.491816,-1.5136534,15
2.386317,-1.8573444,16,2.8600984,-0.98187315,16,0.491816,-1.5136534,15
2.8600984,-0.98187315,16,3.023944,0,16,0.491816,-1.5136534,15
0.491816,-1.5136534,15,3.023944,0,16,1.2875909,-0.93548876,15
1.2875909,-0.93548876,15,3.023944,0,16,1.5915494,0,15
3.023944,0,16,2.546479,0,17,2.8600984,0.981873,16
2.8600984,0.981873,16,2.546479,0,17,2.3863168,1.8573447,16
2.3863168,1.8573447,16,2.546479,0,17,1.6539404,2.5315444,16
2.546479,0,17,2.3526397,0.97449535,17,1.6539404,2.5315444,16
1.6539404,2.5315444,16,2.3526397,0.97449535,17,0.74233437,2.931412,16
2.3526397,0.97449535,17,1.8006325,1.8006325,17,0.74233437,2.931412,16
1.8006325,1.8006325,17,0.9744953,2.3526397,17,0.74233437,2.931412,16
0.74233437,2.931412,16,0.9744953,2.3526397,17,-0.24971525,3.0136156,16
0.9744953,2.3526397,17,-0.00000011131013,2.546479,17,-0.24971525,3.0136156,16
-0.00000011131013,2.546479,17,-0.97449553,2.3526397,17,-0.24971525,3.0136156,16
-0.24971525,3.0136156,16,-0.97449553,2.3526397,17,-1.2147044,2.7692473,16
-1.2147044,2.7692473,16,-0.97449553,2.3526397,17,-2.0480614,2.224788,16
-0.97449553,2.3526397,17,-1.8006325,1.8006325,17,-2.0480614,2.224788,16
-2.0480614,2.224788,16,-1.8006325,1.8006325,17,-2.6594794,1.4392383,16
-1.8006325,1.8006325,17,-2.3526402,0.97449493,17,-2.6594794,1.4392383,16
-2.6594794,1.4392383,16,-2.3526402,0.97449493,17,-2.9827013,0.4977249,16
-2.3526402,0.97449493,17,-2.546479,-0.00000022262026,17,-2.9827013,0.4977249,16
-2.9827013,0.4977249,16,-2.546479,-0.00000022262026,17,-2.9827013,-0.4977247,16
-2.9827013,-0.4977247,16,-2.546479,-0.00000022262026,17,-2.6594794,-1.4392381,16
-2.6594794,-1.4392381,16,-2.546479,-0.00000022262026,17,-2.0480616,-2.224788,16
-2.0480616,-2.224788,16,-2.546479,-0.00000022262026,17,-1.2147039,-2.7692473,16
-1.2147039,-2.7692473,16,-2.546479,-0.00000022262026,17,-0.24971545,-3.0136156,16
-2.546479,-0.00000022262026,17,-2.3526397,-0.9744953,17,-0.24971545,-3.0136156,16
-0.24971545,-3.0136156,16,-2.3526397,-0.9744953,17,0.7423335,-2.9314122,16
0.7423335,-2.9314122,16,-2.3526397,-0.9744953,17,1.6539404,-2.5315444,16
-2.3526397,-0.9744953,17,-1.8006322,-1.8006328,17,1.6539404,-2.5315444,16
-1.8006322,-1.8006328,17,-0.9744945,-2.3526402,17,1.6539404,-2.5315444,16
-0.9744945,-2.3526402,17,0.000000030366458,-2.546479,17,1.6539404,-2.5315444,16
1.6539404,-2.5315444,16,0.000000030366458,-2.546479,17,2.386317,-1.8573444,16
0.000000030366458,-2.546479,17,0.97449577,-2.3526397,17,2.386317,-1.8573444,16
2.386317,-1.8573444,16,0.97449577,-2.3526397,17,2.8600984,-0.98187315,16
0.97449577,-2.3526397,17,1.8006332,-1.8006319,17,2.8600984,-0.98187315,16
2.8600984,-0.98187315,16,1.8006332,-1.8006319,17,3.023944,0,16
1.8006332,-1.8006319,17,2.35264,-0.9744953,17,3.023944,0,16
2.35264,-0.9744953,17,2.546479,0,17,3.023944,0,16
2.546479,0,17,1.2732395,0,18,2.3526397,0.97449535,17
2.3526397,0.97449535,17,1.2732395,0,18,1.8006325,1.8006325,17
1.8006325,1.8006325,17,1.2732395,0,18,0.9744953,2.3526397,17
1.2732395,0,18,0.90031624,0.90031624,18,0.9744953,2.3526397,17
0.90031624,0.90031624,18,-0.000000055655065,1.2732395,18,0.9744953,2.3526397,17
0.9744953,2.3526397,17,-0.000000055655065,1.2732395,18,-0.00000011131013,2.546479,17
-0.000000055655065,1.2732395,18,-0.90031624,0.90031624,18,-0.00000011131013,2.546479,17
-0.00000011131013,2.546479,17,-0.90031624,0.90031624,18,-0.97449553,2.3526397,17
-0.90031624,0.90031624,18,-1.2732395,-0.00000011131013,18,-0.97449553,2.3526397,17
-0.97449553,2.3526397,17,-1.2732395,-0.00000011131013,18,-1.8006325,1.8006325,17
-1.8006325,1.8006325,17,-1.2732395,-0.00000011131013,18,-2.3526402,0.97449493,17
-1.2732395,-0.00000011131013,18,-0.9003161,-0.9003164,18,-2.3526402,0.97449493,17
-2.3526402,0.97449493,17,-0.9003161,-0.9003164,18,-2.546479,-0.00000022262026,17
-2.546479,-0.00000022262026,17,-0.9003161,-0.9003164,18,-2.3526397,-0.9744953,17
-2.3526397,-0.9744953,17,-0.9003161,-0.9003164,18,-1.8006322,-1.8006328,17
-1.8006322,-1.8006328,17,-0.9003161,-0.9003164,18,-0.9744945,-2.3526402,17
-0.9003161,-0.9003164,18,0.000000015183229,-1.2732395,18,-0.9744945,-2.3526402,17
-0.9744945,-2.3526402,17,0.000000015183229,-1.2732395,18,0.000000030366458,-2.546479,17
0.000000030366458,-2.546479,17,0.000000015183229,-1.2732395,18,0.97449577,-2.3526397,17
0.000000015183229,-1.2732395,18,0.9003166,-0.90031594,18,0.97449577,-2.3526397,17
0.97449577,-2.3526397,17,0.9003166,-0.90031594,18,1.8006332,-1.8006319,17
1.8006332,-1.8006319,17,0.9003166,-0.90031594,18,2.35264,-0.9744953,17
2.35264,-0.9744953,17,0.9003166,-0.90031594,18,2.546479,0,17
0.9003166,-0.90031594,18,1.2732395,0,18,2.546479,0,17
1.2732395,0,18,1.1140846,0,19,0.90031624,0.90031624,18
1.1140846,0,19,0.6946204,0.87102646,19,0.90031624,0.90031624,18
0.90031624,0.90031624,18,0.6946204,0.87102646,19,-0.000000055655065,1.2732395,18
-0.000000055655065,1.2732395,18,0.6946204,0.87102646,19,-0.90031624,0.90031624,18
0.6946204,0.87102646,19,-0.24790716,1.0861522,19,-0.90031624,0.90031624,18
-0.24790716,1.0861522,19,-1.0037556,0.48338306,19,-0.90031624,0.90031624,18
-1.0037556,0.48338306,19,-1.0037556,-0.4833832,19,-0.90031624,0.90031624,18
-1.0037556,-0.4833832,19,-0.24790722,-1.0861522,19,-0.90031624,0.90031624,18
-0.90031624,0.90031624,18,-0.24790722,-1.0861522,19,-1.2732395,-0.00000011131013,18
-0.24790722,-1.0861522,19,0.69462067,-0.8710262,19,-1.2732395,-0.00000011131013,18
-1.2732395,-0.00000011131013,18,0.69462067,-0.8710262,19,-0.9003161,-0.9003164,18
0.69462067,-0.8710262,19,1.1140846,0,19,-0.9003161,-0.9003164,18
-0.9003161,-0.9003164,18,1.1140846,0,19,0.000000015183229,-1.2732395,18
0.000000015183229,-1.2732395,18,1.1140846,0,19,0.9003166,-0.90031594,18
0.9003166,-0.90031594,18,1.1140846,0,19,1.2732395,0,18
1.1140846,0,19,1.7507043,0,20,0.6946204,0.87102646,19
1.7507043,0,20,1.4727862,0.9465022,20,0.6946204,0.87102646,19
1.4727862,0.9465022,20,0.72726876,1.5924966,20,0.6946204,0.87102646,19
0.72726876,1.5924966,20,-0.24915141,1.7328846,20,0.6946204,0.87102646,19
-0.24915141,1.7328846,20,-1.1464677,1.3230938,20,0.6946204,0.87102646,19
0.6946204,0.87102646,19,-1.1464677,1.3230938,20,-0.24790716,1.0861522,19
-1.1464677,1.3230938,20,-1.6797886,0.49323007,20,-0.24790716,1.0861522,19
-0.24790716,1.0861522,19,-1.6797886,0.49323007,20,-1.0037556,0.48338306,19
-1.0037556,0.48338306,19,-1.6797886,0.49323007,20,-1.0037556,-0.4833832,19
-1.6797886,0.49323007,20,-1.6797884,-0.49323076,20,-1.0037556,-0.4833832,19
-1.0037556,-0.4833832,19,-1.6797884,-0.49323076,20,-0.24790722,-1.0861522,19
-1.6797884,-0.49323076,20,-1.1464672,-1.3230944,20,-0.24790722,-1.0861522,19
-0.24790722,-1.0861522,19,-1.1464672,-1.3230944,20,0.69462067,-0.8710262,19
-1.1464672,-1.3230944,20,-0.24915068,-1.7328848,20,0.69462067,-0.8710262,19
-0.24915068,-1.7328848,20,0.727269,-1.5924966,20,0.69462067,-0.8710262,19
0.727269,-1.5924966,20,1.4727865,-0.9465016,20,0.69462067,-0.8710262,19
1.4727865,-0.9465016,20,1.7507043,0,20,0.69462067,-0.8710262,19
0.69462067,-0.8710262,19,1.7507043,0,20,1.1140846,0,19
